road_id,section_id,lane_id,carla_direction_type,all_driving_lanes_in_section,representative_x,representative_y,representative_z,yaw,estimated_length_m,is_junction,real_world_status,needs_fix,notes
1895,0,-1,ONE_WAY,-1,192.479,-966.554,0.0,-17.26,0.0,False,,,
1896,0,-1,ONE_WAY,-1,75.865,-886.887,0.0,-75.37,289.54,False,,,
1897,0,-1,ONE_WAY,-1,201.935,-968.819,0.0,-9.92,0.0,False,,,
1898,0,-1,ONE_WAY,-1,161.785,-752.462,0.0,166.5,14.0,False,,,
1899,0,-1,ONE_WAY,-1,181.276,-756.85,0.0,168.24,12.0,False,,,
1900,0,-1,ONE_WAY,-1,203.012,-761.583,0.0,167.63,22.02,False,,,
1901,0,-1,ONE_WAY,-1,224.744,-766.24,0.0,168.08,8.0,False,,,
1902,0,-1,ONE_WAY,-1,284.996,-779.103,0.0,167.87,103.99,False,,,
1903,0,-1,ONE_WAY,-1,353.969,-793.927,0.0,167.87,26.0,False,,,
1904,0,-1,ONE_WAY,-1,371.453,-804.755,0.0,75.37,2.0,False,,,
1905,0,-1,ONE_WAY,-1,334.583,-946.045,0.0,75.37,273.67,False,,,
1906,0,-1,ONE_WAY,-1,215.103,-970.855,0.0,-7.77,4.0,False,,,
1907,0,-1,ONE_WAY,-1,396.41,-756.082,0.0,-103.24,80.88,False,,,
1908,0,-1,ONE_WAY,-1,417.389,-666.626,0.0,-103.16,94.0,False,,,
1909,0,-1,ONE_WAY,-1,446.665,-537.81,0.0,-102.59,158.0,False,,,
1910,0,-1,ONE_WAY,-1,467.368,-444.627,0.0,-102.14,20.0,False,,,
1911,0,-1,ONE_WAY,-1,472.15,-422.101,0.0,-101.81,14.0,False,,,
1912,0,-1,ONE_WAY,-1,481.116,-383.093,0.0,-103.58,50.0,False,,,
1913,0,-1,ONE_WAY,-1,490.493,-342.634,0.0,-101.86,20.0,False,,,
1914,0,-1,ONE_WAY,-1,511.495,-114.326,0.0,167.72,437.5,False,,,
1915,0,-1,ONE_WAY,-1,490.879,-326.055,0.0,76.56,12.0,False,,,
1916,0,-1,ONE_WAY,-1,176.967,-71.399,0.0,161.52,157.36,False,,,
1917,0,-1,ONE_WAY,-1,262.682,-76.158,0.0,160.09,0.0,False,,,
1918,0,-1,ONE_WAY,-1,172.227,-468.023,0.0,167.31,2.0,False,,,
1919,0,-1,ONE_WAY,-1,188.842,-395.751,0.0,163.6,2.0,False,,,
1929,0,-1,ONE_WAY,-1,132.164,-747.444,0.0,163.2,40.56,False,,,
1930,0,-1,ONE_WAY,-1,115.252,-714.718,0.0,-13.03,4.57,False,,,
1931,0,-1,ONE_WAY,-1,139.112,-736.925,0.0,-47.36,31.34,False,,,
1990,0,-1,ONE_WAY,-1,283.431,-64.78,0.0,186.4,22.41,False,,,
1991,0,-1,ONE_WAY,-1,277.178,-59.465,0.0,-1.83,33.75,False,,,
2088,0,-1,ONE_WAY,-1,191.721,-969.669,0.0,162.74,0.0,False,,,
2089,0,-1,ONE_WAY,-1,72.856,-888.026,0.0,104.76,294.45,False,,,
2090,0,-1,ONE_WAY,-1,198.237,-1015.395,0.0,-102.44,74.0,False,,,
2091,0,-1,ONE_WAY,-1,187.194,-1012.768,0.0,77.73,74.0,False,,,
2092,0,-1,ONE_WAY,-1,202.297,-972.131,0.0,170.08,0.0,False,,,
2103,0,-1,ONE_WAY,-1,164.225,-749.757,0.0,-13.5,14.0,False,,,
2104,0,-1,ONE_WAY,-1,181.111,-753.547,0.0,-11.76,12.0,False,,,
2105,0,-1,ONE_WAY,-1,204.956,-758.733,0.0,-12.35,21.99,False,,,
2106,0,-1,ONE_WAY,-1,225.283,-763.084,0.0,-11.92,8.0,False,,,
2107,0,-1,ONE_WAY,-1,285.068,-775.845,0.0,-12.13,104.01,False,,,
2108,0,-1,ONE_WAY,-1,355.084,-790.894,0.0,-12.13,26.0,False,,,
2109,0,-1,ONE_WAY,-1,374.359,-806.293,0.0,-104.63,2.0,False,,,
2110,0,-1,ONE_WAY,-1,337.866,-946.138,0.0,-104.63,278.3,False,,,
2111,0,-1,ONE_WAY,-1,215.342,-974.118,0.0,172.23,4.0,False,,,
2112,0,-1,ONE_WAY,-1,393.008,-756.571,0.0,76.76,78.99,False,,,
2113,0,-1,ONE_WAY,-1,414.57,-664.626,0.0,76.84,94.0,False,,,
2114,0,-1,ONE_WAY,-1,443.753,-536.167,0.0,77.41,158.0,False,,,
2115,0,-1,ONE_WAY,-1,464.151,-444.362,0.0,77.86,20.0,False,,,
2116,0,-1,ONE_WAY,-1,469.018,-421.445,0.0,78.19,14.0,False,,,
2117,0,-1,ONE_WAY,-1,478.432,-380.575,0.0,76.42,50.0,False,,,
2118,0,-1,ONE_WAY,-1,487.281,-342.357,0.0,78.14,20.0,False,,,
2119,0,-1,ONE_WAY,-1,105.821,-723.013,0.0,77.52,10.0,False,,,
2120,0,-1,ONE_WAY,-1,120.721,-669.101,0.0,74.65,82.01,False,,,
2121,0,-1,ONE_WAY,-1,135.807,-605.447,0.0,76.97,34.0,False,,,
2122,0,-1,ONE_WAY,-1,150.928,-540.037,0.0,76.99,88.01,False,,,
2123,0,-1,ONE_WAY,-1,164.678,-481.754,0.0,76.63,20.0,False,,,
2124,0,-1,ONE_WAY,-1,171.008,-455.121,0.0,76.63,10.0,False,,,
2125,0,-1,ONE_WAY,-1,178.557,-422.663,0.0,76.98,48.0,False,,,
2126,0,-1,ONE_WAY,-1,220.787,-234.342,0.0,76.42,316.01,False,,,
2127,0,-2,ONE_WAY,"-2,-1",233.491,-237.691,0.0,-102.45,313.99,False,,,
2127,0,-1,ONE_WAY,"-2,-1",230.367,-237.001,0.0,-102.45,314.0,False,,,
2128,0,-2,ONE_WAY,"-2,-1",189.145,-432.089,0.0,-103.16,64.0,False,,,
2128,0,-1,ONE_WAY,"-2,-1",186.029,-431.361,0.0,-103.16,64.0,False,,,
2129,0,-2,ONE_WAY,"-2,-1",129.304,-696.054,0.0,-98.69,35.63,False,,,
2129,0,-1,ONE_WAY,"-2,-1",126.141,-695.571,0.0,-98.69,35.88,False,,,
2130,0,-2,ONE_WAY,"-2,-1",117.553,-732.864,0.0,-150.59,12.36,False,,,
2130,0,-1,ONE_WAY,"-2,-1",115.982,-730.076,0.0,-150.59,10.78,False,,,
2131,0,-2,ONE_WAY,"-2,-1",166.957,-527.439,0.0,-102.97,109.98,False,,,
2131,0,-1,ONE_WAY,"-2,-1",163.839,-526.721,0.0,-102.97,109.99,False,,,
2132,0,-2,ONE_WAY,"-2,-1",149.18,-604.598,0.0,-102.98,34.0,False,,,
2132,0,-1,ONE_WAY,"-2,-1",146.062,-603.879,0.0,-102.98,34.0,False,,,
2133,0,-2,ONE_WAY,"-2,-1",144.215,-626.138,0.0,-103.02,0.0,False,,,
2133,0,-1,ONE_WAY,"-2,-1",141.097,-625.417,0.0,-103.02,0.0,False,,,
2134,0,-2,ONE_WAY,"-2,-1",141.293,-638.807,0.0,-102.98,14.0,False,,,
2134,0,-1,ONE_WAY,"-2,-1",138.175,-638.088,0.0,-102.98,14.0,False,,,
2135,0,-2,ONE_WAY,"-2,-1",138.818,-649.571,0.0,-102.85,0.0,False,,,
2135,0,-1,ONE_WAY,"-2,-1",135.698,-648.859,0.0,-102.85,0.0,False,,,
2136,0,-2,ONE_WAY,"-2,-1",136.792,-658.368,0.0,-103.01,6.0,False,,,
2136,0,-1,ONE_WAY,"-2,-1",133.674,-657.647,0.0,-103.01,6.0,False,,,
2137,0,-2,ONE_WAY,"-2,-1",134.667,-667.596,0.0,-102.92,2.0,False,,,
2137,0,-1,ONE_WAY,"-2,-1",131.548,-666.881,0.0,-102.92,2.0,False,,,
2138,0,-2,ONE_WAY,"-2,-1",133.324,-673.438,0.0,-102.99,0.0,False,,,
2138,0,-1,ONE_WAY,"-2,-1",130.206,-672.719,0.0,-102.99,0.0,False,,,
2140,0,-1,ONE_WAY,-1,510.688,-110.876,0.0,-12.28,442.47,False,,,
2141,0,-1,ONE_WAY,-1,494.308,-325.474,0.0,-103.44,12.0,False,,,
2142,0,-1,ONE_WAY,-1,177.633,-68.245,0.0,-19.43,154.61,False,,,
2143,0,-1,ONE_WAY,-1,263.584,-73.082,0.0,-19.91,0.0,False,,,
2144,0,-1,ONE_WAY,-1,173.894,-465.118,0.0,-12.69,2.0,False,,,
2145,0,-1,ONE_WAY,-1,190.928,-393.029,0.0,-16.4,2.0,False,,,
2146,0,-1,ONE_WAY,-1,270.715,-76.102,0.0,-104.89,13.26,True,,,
2147,0,-1,ONE_WAY,-1,269.109,-75.842,0.0,-128.5,15.33,True,,,
2148,0,-1,ONE_WAY,-1,269.906,-74.354,0.0,-141.92,13.91,True,,,
2149,0,-1,ONE_WAY,-1,266.675,-77.84,0.0,-86.89,10.18,True,,,
2150,0,-1,ONE_WAY,-1,264.733,-75.135,0.0,-86.03,4.6,True,,,
2152,0,-1,ONE_WAY,-1,429.007,-616.895,0.0,-102.65,4.02,True,,,
2153,0,-1,ONE_WAY,-1,425.653,-617.216,0.0,77.04,3.98,True,,,
2154,0,-1,ONE_WAY,-1,126.602,-719.885,0.0,-77.06,10.66,True,,,
2155,0,-2,ONE_WAY,"-2,-1",126.602,-719.465,0.0,-86.28,11.75,True,,,
2155,0,-1,ONE_WAY,"-2,-1",123.409,-719.672,0.0,-86.28,10.57,True,,,
2156,0,-1,ONE_WAY,-1,124.484,-719.536,0.0,-41.3,12.62,True,,,
2157,0,-1,ONE_WAY,-1,122.673,-719.662,0.0,-68.13,10.49,True,,,
2158,0,-1,ONE_WAY,-1,107.61,-714.928,0.0,77.51,8.0,True,,,
2159,0,-1,ONE_WAY,-1,110.346,-714.831,0.0,18.31,8.05,True,,,
2160,0,-1,ONE_WAY,-1,220.579,-974.832,0.0,172.26,4.0,True,,,
2161,0,-1,ONE_WAY,-1,219.738,-971.488,0.0,-7.76,4.0,True,,,
2162,0,-1,ONE_WAY,-1,148.281,1.507,0.0,39.34,4.6,True,,,
2163,0,-1,ONE_WAY,-1,406.305,-714.044,0.0,-103.22,4.0,True,,,
2164,0,-1,ONE_WAY,-1,402.918,-714.466,0.0,76.74,4.0,True,,,
2165,0,-2,ONE_WAY,"-2,-1",153.931,-583.979,0.0,-102.98,6.0,True,,,
2165,0,-1,ONE_WAY,"-2,-1",150.813,-583.26,0.0,-102.98,6.0,True,,,
2167,0,-1,ONE_WAY,-1,474.565,-410.446,0.0,-101.6,5.94,True,,,
2169,0,-1,ONE_WAY,-1,470.137,-407.702,0.0,33.66,6.86,True,,,
2170,0,-1,ONE_WAY,-1,471.335,-408.527,0.0,-9.14,10.6,True,,,
2173,0,-1,ONE_WAY,-1,471.451,-409.7,0.0,78.34,6.03,True,,,
2174,0,-1,ONE_WAY,-1,172.467,-448.981,0.0,76.73,3.99,True,,,
2175,0,-1,ONE_WAY,-1,140.529,-585.044,0.0,76.99,6.0,True,,,
2176,0,-1,ONE_WAY,-1,190.588,-758.825,0.0,167.1,3.99,True,,,
2177,0,-1,ONE_WAY,-1,189.776,-755.36,0.0,-12.41,4.03,True,,,
2178,0,-1,ONE_WAY,-1,216.793,-764.561,0.0,168.03,6.0,True,,,
2179,0,-1,ONE_WAY,-1,219.326,-761.826,0.0,-11.93,6.0,True,,,
2180,0,-1,ONE_WAY,-1,161.671,-494.402,0.0,76.62,4.0,True,,,
2181,0,-1,ONE_WAY,-1,487.938,-354.771,0.0,-102.37,4.05,True,,,
2182,0,-1,ONE_WAY,-1,484.574,-355.133,0.0,76.75,3.96,True,,,
2185,0,-1,ONE_WAY,-1,172.616,-755.042,0.0,167.79,4.05,True,,,
2186,0,-1,ONE_WAY,-1,172.246,-751.68,0.0,-13.1,3.95,True,,,
2187,0,-1,ONE_WAY,-1,470.103,-431.89,0.0,-101.88,4.01,True,,,
2188,0,-1,ONE_WAY,-1,466.761,-432.225,0.0,77.96,3.99,True,,,
2189,0,-2,ONE_WAY,"-2,-1",144.845,-623.411,0.0,-102.99,4.0,True,,,
2189,0,-1,ONE_WAY,"-2,-1",141.727,-622.692,0.0,-102.99,4.0,True,,,
2190,0,-2,ONE_WAY,"-2,-1",143.72,-628.28,0.0,-103.01,4.0,True,,,
2190,0,-1,ONE_WAY,"-2,-1",140.602,-627.56,0.0,-103.01,4.0,True,,,
2191,0,-2,ONE_WAY,"-2,-1",139.488,-646.64,0.0,-102.95,3.99,True,,,
2191,0,-1,ONE_WAY,"-2,-1",136.369,-645.923,0.0,-102.95,4.0,True,,,
2192,0,-2,ONE_WAY,"-2,-1",138.349,-651.623,0.0,-102.9,4.01,True,,,
2192,0,-1,ONE_WAY,"-2,-1",135.23,-650.909,0.0,-102.9,4.0,True,,,
2193,0,-2,ONE_WAY,"-2,-1",132.794,-675.734,0.0,-103.01,4.01,True,,,
2193,0,-1,ONE_WAY,"-2,-1",129.676,-675.014,0.0,-103.01,4.0,True,,,
2194,0,-2,ONE_WAY,"-2,-1",133.997,-670.517,0.0,-102.94,4.01,True,,,
2194,0,-1,ONE_WAY,"-2,-1",130.878,-669.8,0.0,-102.94,4.0,True,,,
2195,0,-2,ONE_WAY,"-2,-1",135.787,-662.719,0.0,-102.99,3.99,True,,,
2195,0,-1,ONE_WAY,"-2,-1",132.669,-662.0,0.0,-102.99,4.0,True,,,
2197,0,-1,ONE_WAY,-1,131.2,-625.351,0.0,76.96,6.0,True,,,
2201,0,-1,ONE_WAY,-1,231.595,-767.686,0.0,168.09,4.0,True,,,
2202,0,-1,ONE_WAY,-1,231.276,-764.348,0.0,-11.91,4.0,True,,,
2203,0,-1,ONE_WAY,-1,189.619,-969.016,0.0,162.72,4.0,True,,,
2204,0,-1,ONE_WAY,-1,189.645,-965.673,0.0,-17.3,4.0,True,,,
2205,0,-1,ONE_WAY,-1,373.539,-809.433,0.0,-104.63,4.0,True,,,
2206,0,-1,ONE_WAY,-1,370.119,-809.866,0.0,75.37,4.0,True,,,
2208,0,-1,ONE_WAY,-1,338.768,-790.661,0.0,167.87,4.0,True,,,
2209,0,-1,ONE_WAY,-1,338.463,-787.322,0.0,-12.13,4.0,True,,,
2210,0,-1,ONE_WAY,-1,197.401,-971.248,0.0,168.38,8.2,True,,,
2211,0,-1,ONE_WAY,-1,200.092,-970.182,0.0,103.96,4.6,True,,,
2212,0,-1,ONE_WAY,-1,196.439,-967.737,0.0,-14.86,7.8,True,,,
2213,0,-1,ONE_WAY,-1,193.722,-968.552,0.0,-83.38,4.6,True,,,
2214,0,-1,ONE_WAY,-1,194.696,-971.608,0.0,124.24,7.7,True,,,
2215,0,-1,ONE_WAY,-1,196.56,-971.975,0.0,62.54,10.02,True,,,
2216,0,-1,ONE_WAY,-1,208.276,-974.672,0.0,220.68,7.74,True,,,
2217,0,-1,ONE_WAY,-1,206.707,-972.892,0.0,170.68,10.06,True,,,
2218,0,-1,ONE_WAY,-1,211.331,-972.017,0.0,106.11,4.6,True,,,
2219,0,-1,ONE_WAY,-1,208.726,-969.97,0.0,-8.52,9.94,True,,,
2220,0,-1,ONE_WAY,-1,206.721,-972.935,0.0,-78.91,10.43,True,,,
2221,0,-1,ONE_WAY,-1,204.139,-970.767,0.0,-76.04,4.6,True,,,
2222,0,-1,ONE_WAY,-1,105.687,-740.736,0.0,201.44,11.52,True,,,
2223,0,-1,ONE_WAY,-1,105.268,-735.844,0.0,118.13,16.25,True,,,
2224,0,-1,ONE_WAY,-1,105.965,-739.29,0.0,-137.04,14.58,True,,,
2225,0,-1,ONE_WAY,-1,105.785,-732.921,0.0,-209.97,9.02,True,,,
2226,0,-1,ONE_WAY,-1,101.745,-737.173,0.0,65.55,15.95,True,,,
2227,0,-1,ONE_WAY,-1,100.843,-743.809,0.0,8.65,4.6,True,,,
2228,0,-1,ONE_WAY,-1,153.96,-750.644,0.0,174.48,1.78,True,,,
2229,0,-1,ONE_WAY,-1,154.523,-749.135,0.0,100.38,4.6,True,,,
2230,0,-1,ONE_WAY,-1,154.838,-747.463,0.0,-19.24,1.78,True,,,
2231,0,-1,ONE_WAY,-1,152.472,-750.606,0.0,-178.94,3.97,True,,,
2232,0,-1,ONE_WAY,-1,376.735,-798.358,0.0,-119.45,11.02,True,,,
2233,0,-1,ONE_WAY,-1,374.24,-797.203,0.0,-171.57,13.46,True,,,
2234,0,-1,ONE_WAY,-1,378.248,-794.274,0.0,-205.33,4.6,True,,,
2235,0,-1,ONE_WAY,-1,373.725,-794.046,0.0,8.18,10.52,True,,,
2236,0,-1,ONE_WAY,-1,374.348,-797.531,0.0,-59.71,12.29,True,,,
2237,0,-1,ONE_WAY,-1,369.549,-795.579,0.0,-78.26,4.6,True,,,
2238,0,-1,ONE_WAY,-1,371.506,-799.017,0.0,122.94,7.62,True,,,
2239,0,-1,ONE_WAY,-1,373.564,-797.538,0.0,65.26,12.94,True,,,
2240,0,-1,ONE_WAY,-1,373.656,-802.41,0.0,9.25,4.6,True,,,
2241,0,-1,ONE_WAY,-1,464.755,-456.77,0.0,-102.26,4.01,True,,,
2242,0,-1,ONE_WAY,-1,461.409,-457.086,0.0,77.52,3.99,True,,,
2243,0,-1,ONE_WAY,-1,492.597,-332.635,0.0,-103.44,0.0,True,,,
2244,0,-1,ONE_WAY,-1,489.417,-332.189,0.0,78.14,0.0,True,,,
2245,0,-1,ONE_WAY,-1,258.711,-74.712,0.0,159.15,8.14,True,,,
2246,0,-1,ONE_WAY,-1,260.12,-70.865,0.0,71.39,8.67,True,,,
2247,0,-1,ONE_WAY,-1,261.533,-74.105,0.0,93.97,4.6,True,,,
2248,0,-1,ONE_WAY,-1,259.319,-69.719,0.0,25.16,7.89,True,,,
2249,0,-1,ONE_WAY,-1,258.472,-71.168,0.0,-22.96,7.85,True,,,
2250,0,-1,ONE_WAY,-1,255.663,-71.601,0.0,-91.25,4.6,True,,,
2251,0,-1,ONE_WAY,-1,256.11,-74.591,0.0,120.89,7.87,True,,,
2252,0,-1,ONE_WAY,-1,258.232,-73.18,0.0,66.38,12.69,True,,,
2253,0,-1,ONE_WAY,-1,258.156,-74.984,0.0,56.48,10.55,True,,,
2254,0,-1,ONE_WAY,-1,295.387,-65.554,0.0,165.91,0.0,True,,,
2255,0,-1,ONE_WAY,-1,295.154,-62.26,0.0,-10.62,0.0,True,,,
2256,0,-1,ONE_WAY,-1,496.412,-316.633,0.0,-103.04,4.01,True,,,
2257,0,-1,ONE_WAY,-1,493.052,-316.955,0.0,76.78,3.99,True,,,
2258,0,-1,ONE_WAY,-1,169.131,-464.651,0.0,91.9,6.12,True,,,
2259,0,-1,ONE_WAY,-1,170.036,-465.952,0.0,101.19,4.6,True,,,
2260,0,-1,ONE_WAY,-1,168.372,-466.213,0.0,76.63,8.0,True,,,
2261,0,-1,ONE_WAY,-1,168.048,-468.023,0.0,70.64,4.7,True,,,
2262,0,-2,ONE_WAY,"-2,-1",180.851,-467.645,0.0,-103.13,8.0,True,,,
2262,0,-1,ONE_WAY,"-2,-1",177.735,-466.918,0.0,-103.13,8.0,True,,,
2263,0,-1,ONE_WAY,-1,178.052,-465.105,0.0,-109.06,4.7,True,,,
2264,0,-1,ONE_WAY,-1,176.985,-468.492,0.0,-88.06,6.11,True,,,
2265,0,-1,ONE_WAY,-1,176.084,-467.189,0.0,-78.81,4.6,True,,,
2266,0,-1,ONE_WAY,-1,185.993,-392.556,0.0,95.89,6.03,True,,,
2267,0,-1,ONE_WAY,-1,187.025,-393.611,0.0,97.48,4.6,True,,,
2268,0,-1,ONE_WAY,-1,185.214,-393.856,0.0,77.25,7.97,True,,,
2269,0,-1,ONE_WAY,-1,184.922,-395.648,0.0,70.35,4.8,True,,,
2270,0,-2,ONE_WAY,"-2,-1",197.66,-395.661,0.0,-103.15,8.0,True,,,
2270,0,-1,ONE_WAY,"-2,-1",194.544,-394.933,0.0,-103.15,8.0,True,,,
2271,0,-1,ONE_WAY,-1,194.846,-393.134,0.0,-109.75,4.79,True,,,
2272,0,-1,ONE_WAY,-1,193.755,-396.268,0.0,-85.33,6.05,True,,,
2273,0,-1,ONE_WAY,-1,192.745,-395.168,0.0,-82.52,4.6,True,,,
